Domain Code,Domain,Area Code (M49),Area,Element Code,Element,Item Code (CPC),Item,Year Code,Year,Months Code,Months,Unit,Value,Flag,Flag Description
"PP","Producer Prices","792","Türkiye","5530","Producer Price (LCU/tonne)","0115","Barley","2010","2010","7001","January","LCU","369","A","Official figure"
"PP","Producer Prices","792","Türkiye","5530","Producer Price (LCU/tonne)","0115","Barley","2010","2010","7002","February","LCU","375","A","Official figure"
"PP","Producer Prices","792","Türkiye","5530","Producer Price (LCU/tonne)","0115","Barley","2010","2010","7003","March","LCU","369","A","Official figure"
"PP","Producer Prices","792","Türkiye","5530","Producer Price (LCU/tonne)","0115","Barley","2010","2010","7004","April","LCU","365","A","Official figure"
"PP","Producer Prices","792","Türkiye","5530","Producer Price (LCU/tonne)","0115","Barley","2010","2010","7005","May","LCU","367","A","Official figure"
"PP","Producer Prices","792","Türkiye","5530","Producer Price (LCU/tonne)","0115","Barley","2010","2010","7006","June","LCU","381","A","Official figure"
"PP","Producer Prices","792","Türkiye","5530","Producer Price (LCU/tonne)","0115","Barley","2010","2010","7007","July","LCU","387","A","Official figure"
"PP","Producer Prices","792","Türkiye","5530","Producer Price (LCU/tonne)","0115","Barley","2010","2010","7008","August","LCU","402","A","Official figure"
"PP","Producer Prices","792","Türkiye","5530","Producer Price (LCU/tonne)","0115","Barley","2010","2010","7009","September","LCU","424","A","Official figure"
"PP","Producer Prices","792","Türkiye","5530","Producer Price (LCU/tonne)","0115","Barley","2010","2010","7010","October","LCU","431","A","Official figure"
"PP","Producer Prices","792","Türkiye","5530","Producer Price (LCU/tonne)","0115","Barley","2010","2010","7011","November","LCU","436","A","Official figure"
"PP","Producer Prices","792","Türkiye","5530","Producer Price (LCU/tonne)","0115","Barley","2010","2010","7012","December","LCU","446","A","Official figure"
"PP","Producer Prices","792","Türkiye","5530","Producer Price (LCU/tonne)","0115","Barley","2011","2011","7001","January","LCU","462","A","Official figure"
"PP","Producer Prices","792","Türkiye","5530","Producer Price (LCU/tonne)","0115","Barley","2011","2011","7002","February","LCU","469","A","Official figure"
"PP","Producer Prices","792","Türkiye","5530","Producer Price (LCU/tonne)","0115","Barley","2011","2011","7003","March","LCU","474","A","Official figure"
"PP","Producer Prices","792","Türkiye","5530","Producer Price (LCU/tonne)","0115","Barley","2011","2011","7004","April","LCU","486","A","Official figure"
"PP","Producer Prices","792","Türkiye","5530","Producer Price (LCU/tonne)","0115","Barley","2011","2011","7005","May","LCU","482","A","Official figure"
"PP","Producer Prices","792","Türkiye","5530","Producer Price (LCU/tonne)","0115","Barley","2011","2011","7006","June","LCU","471","A","Official figure"
"PP","Producer Prices","792","Türkiye","5530","Producer Price (LCU/tonne)","0115","Barley","2011","2011","7007","July","LCU","462","A","Official figure"
"PP","Producer Prices","792","Türkiye","5530","Producer Price (LCU/tonne)","0115","Barley","2011","2011","7008","August","LCU","467","A","Official figure"
"PP","Producer Prices","792","Türkiye","5530","Producer Price (LCU/tonne)","0115","Barley","2011","2011","7009","September","LCU","480","A","Official figure"
"PP","Producer Prices","792","Türkiye","5530","Producer Price (LCU/tonne)","0115","Barley","2011","2011","7010","October","LCU","493","A","Official figure"
"PP","Producer Prices","792","Türkiye","5530","Producer Price (LCU/tonne)","0115","Barley","2011","2011","7011","November","LCU","498","A","Official figure"
"PP","Producer Prices","792","Türkiye","5530","Producer Price (LCU/tonne)","0115","Barley","2011","2011","7012","December","LCU","505","A","Official figure"
"PP","Producer Prices","792","Türkiye","5530","Producer Price (LCU/tonne)","0115","Barley","2012","2012","7001","January","LCU","505","A","Official figure"
"PP","Producer Prices","792","Türkiye","5530","Producer Price (LCU/tonne)","0115","Barley","2012","2012","7002","February","LCU","514","A","Official figure"
"PP","Producer Prices","792","Türkiye","5530","Producer Price (LCU/tonne)","0115","Barley","2012","2012","7003","March","LCU","524","A","Official figure"
"PP","Producer Prices","792","Türkiye","5530","Producer Price (LCU/tonne)","0115","Barley","2012","2012","7004","April","LCU","532","A","Official figure"
"PP","Producer Prices","792","Türkiye","5530","Producer Price (LCU/tonne)","0115","Barley","2012","2012","7005","May","LCU","546","A","Official figure"
"PP","Producer Prices","792","Türkiye","5530","Producer Price (LCU/tonne)","0115","Barley","2012","2012","7006","June","LCU","536","A","Official figure"
"PP","Producer Prices","792","Türkiye","5530","Producer Price (LCU/tonne)","0115","Barley","2012","2012","7007","July","LCU","545","A","Official figure"
"PP","Producer Prices","792","Türkiye","5530","Producer Price (LCU/tonne)","0115","Barley","2012","2012","7008","August","LCU","562","A","Official figure"
"PP","Producer Prices","792","Türkiye","5530","Producer Price (LCU/tonne)","0115","Barley","2012","2012","7009","September","LCU","576","A","Official figure"
"PP","Producer Prices","792","Türkiye","5530","Producer Price (LCU/tonne)","0115","Barley","2012","2012","7010","October","LCU","585","A","Official figure"
"PP","Producer Prices","792","Türkiye","5530","Producer Price (LCU/tonne)","0115","Barley","2012","2012","7011","November","LCU","601","A","Official figure"
"PP","Producer Prices","792","Türkiye","5530","Producer Price (LCU/tonne)","0115","Barley","2012","2012","7012","December","LCU","617","A","Official figure"
"PP","Producer Prices","792","Türkiye","5530","Producer Price (LCU/tonne)","0115","Barley","2013","2013","7001","January","LCU","609","A","Official figure"
"PP","Producer Prices","792","Türkiye","5530","Producer Price (LCU/tonne)","0115","Barley","2013","2013","7002","February","LCU","613","A","Official figure"
"PP","Producer Prices","792","Türkiye","5530","Producer Price (LCU/tonne)","0115","Barley","2013","2013","7003","March","LCU","612","A","Official figure"
"PP","Producer Prices","792","Türkiye","5530","Producer Price (LCU/tonne)","0115","Barley","2013","2013","7004","April","LCU","613","A","Official figure"
"PP","Producer Prices","792","Türkiye","5530","Producer Price (LCU/tonne)","0115","Barley","2013","2013","7005","May","LCU","608","A","Official figure"
"PP","Producer Prices","792","Türkiye","5530","Producer Price (LCU/tonne)","0115","Barley","2013","2013","7006","June","LCU","579","A","Official figure"
"PP","Producer Prices","792","Türkiye","5530","Producer Price (LCU/tonne)","0115","Barley","2013","2013","7007","July","LCU","567","A","Official figure"
"PP","Producer Prices","792","Türkiye","5530","Producer Price (LCU/tonne)","0115","Barley","2013","2013","7008","August","LCU","566","A","Official figure"
"PP","Producer Prices","792","Türkiye","5530","Producer Price (LCU/tonne)","0115","Barley","2013","2013","7009","September","LCU","565","A","Official figure"
"PP","Producer Prices","792","Türkiye","5530","Producer Price (LCU/tonne)","0115","Barley","2013","2013","7010","October","LCU","567","A","Official figure"
"PP","Producer Prices","792","Türkiye","5530","Producer Price (LCU/tonne)","0115","Barley","2013","2013","7011","November","LCU","572","A","Official figure"
"PP","Producer Prices","792","Türkiye","5530","Producer Price (LCU/tonne)","0115","Barley","2013","2013","7012","December","LCU","580","A","Official figure"
"PP","Producer Prices","792","Türkiye","5530","Producer Price (LCU/tonne)","0115","Barley","2014","2014","7001","January","LCU","583","A","Official figure"
"PP","Producer Prices","792","Türkiye","5530","Producer Price (LCU/tonne)","0115","Barley","2014","2014","7002","February","LCU","588","A","Official figure"
"PP","Producer Prices","792","Türkiye","5530","Producer Price (LCU/tonne)","0115","Barley","2014","2014","7003","March","LCU","592","A","Official figure"
"PP","Producer Prices","792","Türkiye","5530","Producer Price (LCU/tonne)","0115","Barley","2014","2014","7004","April","LCU","592","A","Official figure"
"PP","Producer Prices","792","Türkiye","5530","Producer Price (LCU/tonne)","0115","Barley","2014","2014","7005","May","LCU","597","A","Official figure"
"PP","Producer Prices","792","Türkiye","5530","Producer Price (LCU/tonne)","0115","Barley","2014","2014","7006","June","LCU","618","A","Official figure"
"PP","Producer Prices","792","Türkiye","5530","Producer Price (LCU/tonne)","0115","Barley","2014","2014","7007","July","LCU","640","A","Official figure"
"PP","Producer Prices","792","Türkiye","5530","Producer Price (LCU/tonne)","0115","Barley","2014","2014","7008","August","LCU","655","A","Official figure"
"PP","Producer Prices","792","Türkiye","5530","Producer Price (LCU/tonne)","0115","Barley","2014","2014","7009","September","LCU","644","A","Official figure"
"PP","Producer Prices","792","Türkiye","5530","Producer Price (LCU/tonne)","0115","Barley","2014","2014","7010","October","LCU","646","A","Official figure"
"PP","Producer Prices","792","Türkiye","5530","Producer Price (LCU/tonne)","0115","Barley","2014","2014","7011","November","LCU","651","A","Official figure"
"PP","Producer Prices","792","Türkiye","5530","Producer Price (LCU/tonne)","0115","Barley","2014","2014","7012","December","LCU","653","A","Official figure"
"PP","Producer Prices","792","Türkiye","5530","Producer Price (LCU/tonne)","0115","Barley","2015","2015","7001","January","LCU","659","A","Official figure"
"PP","Producer Prices","792","Türkiye","5530","Producer Price (LCU/tonne)","0115","Barley","2015","2015","7002","February","LCU","667","A","Official figure"
"PP","Producer Prices","792","Türkiye","5530","Producer Price (LCU/tonne)","0115","Barley","2015","2015","7003","March","LCU","663","A","Official figure"
"PP","Producer Prices","792","Türkiye","5530","Producer Price (LCU/tonne)","0115","Barley","2015","2015","7004","April","LCU","660","A","Official figure"
"PP","Producer Prices","792","Türkiye","5530","Producer Price (LCU/tonne)","0115","Barley","2015","2015","7005","May","LCU","668","A","Official figure"
"PP","Producer Prices","792","Türkiye","5530","Producer Price (LCU/tonne)","0115","Barley","2015","2015","7006","June","LCU","658","A","Official figure"
"PP","Producer Prices","792","Türkiye","5530","Producer Price (LCU/tonne)","0115","Barley","2015","2015","7007","July","LCU","621","A","Official figure"
"PP","Producer Prices","792","Türkiye","5530","Producer Price (LCU/tonne)","0115","Barley","2015","2015","7008","August","LCU","627","A","Official figure"
"PP","Producer Prices","792","Türkiye","5530","Producer Price (LCU/tonne)","0115","Barley","2015","2015","7009","September","LCU","626","A","Official figure"
"PP","Producer Prices","792","Türkiye","5530","Producer Price (LCU/tonne)","0115","Barley","2015","2015","7010","October","LCU","625","A","Official figure"
"PP","Producer Prices","792","Türkiye","5530","Producer Price (LCU/tonne)","0115","Barley","2015","2015","7011","November","LCU","634","A","Official figure"
"PP","Producer Prices","792","Türkiye","5530","Producer Price (LCU/tonne)","0115","Barley","2015","2015","7012","December","LCU","636","A","Official figure"
"PP","Producer Prices","792","Türkiye","5530","Producer Price (LCU/tonne)","0115","Barley","2016","2016","7001","January","LCU","646","A","Official figure"
"PP","Producer Prices","792","Türkiye","5530","Producer Price (LCU/tonne)","0115","Barley","2016","2016","7002","February","LCU","656","A","Official figure"
"PP","Producer Prices","792","Türkiye","5530","Producer Price (LCU/tonne)","0115","Barley","2016","2016","7003","March","LCU","655","A","Official figure"
"PP","Producer Prices","792","Türkiye","5530","Producer Price (LCU/tonne)","0115","Barley","2016","2016","7004","April","LCU","659","A","Official figure"
"PP","Producer Prices","792","Türkiye","5530","Producer Price (LCU/tonne)","0115","Barley","2016","2016","7005","May","LCU","658","A","Official figure"
"PP","Producer Prices","792","Türkiye","5530","Producer Price (LCU/tonne)","0115","Barley","2016","2016","7006","June","LCU","676","A","Official figure"
"PP","Producer Prices","792","Türkiye","5530","Producer Price (LCU/tonne)","0115","Barley","2016","2016","7007","July","LCU","692","A","Official figure"
"PP","Producer Prices","792","Türkiye","5530","Producer Price (LCU/tonne)","0115","Barley","2016","2016","7008","August","LCU","696","A","Official figure"
"PP","Producer Prices","792","Türkiye","5530","Producer Price (LCU/tonne)","0115","Barley","2016","2016","7009","September","LCU","698","A","Official figure"
"PP","Producer Prices","792","Türkiye","5530","Producer Price (LCU/tonne)","0115","Barley","2016","2016","7010","October","LCU","699","A","Official figure"
"PP","Producer Prices","792","Türkiye","5530","Producer Price (LCU/tonne)","0115","Barley","2016","2016","7011","November","LCU","704","A","Official figure"
"PP","Producer Prices","792","Türkiye","5530","Producer Price (LCU/tonne)","0115","Barley","2016","2016","7012","December","LCU","711","A","Official figure"
"PP","Producer Prices","792","Türkiye","5530","Producer Price (LCU/tonne)","0115","Barley","2018","2018","7001","January","LCU","836","A","Official figure"
"PP","Producer Prices","792","Türkiye","5530","Producer Price (LCU/tonne)","0115","Barley","2018","2018","7002","February","LCU","828","A","Official figure"
"PP","Producer Prices","792","Türkiye","5530","Producer Price (LCU/tonne)","0115","Barley","2018","2018","7003","March","LCU","832","A","Official figure"
"PP","Producer Prices","792","Türkiye","5530","Producer Price (LCU/tonne)","0115","Barley","2018","2018","7004","April","LCU","832","A","Official figure"
"PP","Producer Prices","792","Türkiye","5530","Producer Price (LCU/tonne)","0115","Barley","2018","2018","7005","May","LCU","841","A","Official figure"
"PP","Producer Prices","792","Türkiye","5530","Producer Price (LCU/tonne)","0115","Barley","2018","2018","7006","June","LCU","830","A","Official figure"
"PP","Producer Prices","792","Türkiye","5530","Producer Price (LCU/tonne)","0115","Barley","2018","2018","7007","July","LCU","834","A","Official figure"
"PP","Producer Prices","792","Türkiye","5530","Producer Price (LCU/tonne)","0115","Barley","2018","2018","7008","August","LCU","842","A","Official figure"
"PP","Producer Prices","792","Türkiye","5530","Producer Price (LCU/tonne)","0115","Barley","2018","2018","7009","September","LCU","891","A","Official figure"
"PP","Producer Prices","792","Türkiye","5530","Producer Price (LCU/tonne)","0115","Barley","2018","2018","7010","October","LCU","900","A","Official figure"
"PP","Producer Prices","792","Türkiye","5530","Producer Price (LCU/tonne)","0115","Barley","2018","2018","7011","November","LCU","911","A","Official figure"
"PP","Producer Prices","792","Türkiye","5530","Producer Price (LCU/tonne)","0115","Barley","2018","2018","7012","December","LCU","923","A","Official figure"
"PP","Producer Prices","792","Türkiye","5530","Producer Price (LCU/tonne)","0115","Barley","2019","2019","7001","January","LCU","942","A","Official figure"
"PP","Producer Prices","792","Türkiye","5530","Producer Price (LCU/tonne)","0115","Barley","2019","2019","7002","February","LCU","969","A","Official figure"
"PP","Producer Prices","792","Türkiye","5530","Producer Price (LCU/tonne)","0115","Barley","2019","2019","7003","March","LCU","979","A","Official figure"
"PP","Producer Prices","792","Türkiye","5530","Producer Price (LCU/tonne)","0115","Barley","2019","2019","7004","April","LCU","1031","A","Official figure"
"PP","Producer Prices","792","Türkiye","5530","Producer Price (LCU/tonne)","0115","Barley","2019","2019","7005","May","LCU","1066","A","Official figure"
"PP","Producer Prices","792","Türkiye","5530","Producer Price (LCU/tonne)","0115","Barley","2019","2019","7006","June","LCU","1089","A","Official figure"
"PP","Producer Prices","792","Türkiye","5530","Producer Price (LCU/tonne)","0115","Barley","2019","2019","7007","July","LCU","1101","A","Official figure"
"PP","Producer Prices","792","Türkiye","5530","Producer Price (LCU/tonne)","0115","Barley","2019","2019","7008","August","LCU","1125","A","Official figure"
"PP","Producer Prices","792","Türkiye","5530","Producer Price (LCU/tonne)","0115","Barley","2019","2019","7009","September","LCU","1123","A","Official figure"
"PP","Producer Prices","792","Türkiye","5530","Producer Price (LCU/tonne)","0115","Barley","2019","2019","7010","October","LCU","1132","A","Official figure"
"PP","Producer Prices","792","Türkiye","5530","Producer Price (LCU/tonne)","0115","Barley","2019","2019","7011","November","LCU","1139","A","Official figure"
"PP","Producer Prices","792","Türkiye","5530","Producer Price (LCU/tonne)","0115","Barley","2019","2019","7012","December","LCU","1171","A","Official figure"
"PP","Producer Prices","792","Türkiye","5530","Producer Price (LCU/tonne)","0115","Barley","2020","2020","7001","January","LCU","1202.3","A","Official figure"
"PP","Producer Prices","792","Türkiye","5530","Producer Price (LCU/tonne)","0115","Barley","2020","2020","7002","February","LCU","1204.9","A","Official figure"
"PP","Producer Prices","792","Türkiye","5530","Producer Price (LCU/tonne)","0115","Barley","2020","2020","7003","March","LCU","1209.3","A","Official figure"
"PP","Producer Prices","792","Türkiye","5530","Producer Price (LCU/tonne)","0115","Barley","2020","2020","7004","April","LCU","1219.4","A","Official figure"
"PP","Producer Prices","792","Türkiye","5530","Producer Price (LCU/tonne)","0115","Barley","2020","2020","7005","May","LCU","1205.9","A","Official figure"
"PP","Producer Prices","792","Türkiye","5530","Producer Price (LCU/tonne)","0115","Barley","2020","2020","7006","June","LCU","1239.9","A","Official figure"
"PP","Producer Prices","792","Türkiye","5530","Producer Price (LCU/tonne)","0115","Barley","2020","2020","7007","July","LCU","1264.4","A","Official figure"
"PP","Producer Prices","792","Türkiye","5530","Producer Price (LCU/tonne)","0115","Barley","2020","2020","7008","August","LCU","1288.1","A","Official figure"
"PP","Producer Prices","792","Türkiye","5530","Producer Price (LCU/tonne)","0115","Barley","2020","2020","7009","September","LCU","1305.6","A","Official figure"
"PP","Producer Prices","792","Türkiye","5530","Producer Price (LCU/tonne)","0115","Barley","2020","2020","7010","October","LCU","1349.7","A","Official figure"
"PP","Producer Prices","792","Türkiye","5530","Producer Price (LCU/tonne)","0115","Barley","2020","2020","7011","November","LCU","1409.8","A","Official figure"
"PP","Producer Prices","792","Türkiye","5530","Producer Price (LCU/tonne)","0115","Barley","2020","2020","7012","December","LCU","1440.4","A","Official figure"
"PP","Producer Prices","792","Türkiye","5530","Producer Price (LCU/tonne)","0115","Barley","2021","2021","7001","January","LCU","1461.5","A","Official figure"
"PP","Producer Prices","792","Türkiye","5530","Producer Price (LCU/tonne)","0115","Barley","2021","2021","7002","February","LCU","1496.6","A","Official figure"
"PP","Producer Prices","792","Türkiye","5530","Producer Price (LCU/tonne)","0115","Barley","2021","2021","7003","March","LCU","1507.2","A","Official figure"
"PP","Producer Prices","792","Türkiye","5530","Producer Price (LCU/tonne)","0115","Barley","2021","2021","7004","April","LCU","1565.7","A","Official figure"
"PP","Producer Prices","792","Türkiye","5530","Producer Price (LCU/tonne)","0115","Barley","2021","2021","7005","May","LCU","1664.7","A","Official figure"
"PP","Producer Prices","792","Türkiye","5530","Producer Price (LCU/tonne)","0115","Barley","2021","2021","7006","June","LCU","1879","A","Official figure"
"PP","Producer Prices","792","Türkiye","5530","Producer Price (LCU/tonne)","0115","Barley","2021","2021","7007","July","LCU","1955.9","A","Official figure"
"PP","Producer Prices","792","Türkiye","5530","Producer Price (LCU/tonne)","0115","Barley","2021","2021","7008","August","LCU","2047.5","A","Official figure"
"PP","Producer Prices","792","Türkiye","5530","Producer Price (LCU/tonne)","0115","Barley","2021","2021","7009","September","LCU","2048.8","A","Official figure"
"PP","Producer Prices","792","Türkiye","5530","Producer Price (LCU/tonne)","0115","Barley","2021","2021","7010","October","LCU","2099.2","A","Official figure"
"PP","Producer Prices","792","Türkiye","5530","Producer Price (LCU/tonne)","0115","Barley","2021","2021","7011","November","LCU","2238.5","A","Official figure"
"PP","Producer Prices","792","Türkiye","5530","Producer Price (LCU/tonne)","0115","Barley","2021","2021","7012","December","LCU","2627.9","A","Official figure"
"PP","Producer Prices","792","Türkiye","5530","Producer Price (LCU/tonne)","0115","Barley","2022","2022","7001","January","LCU","2900.8","A","Official figure"
"PP","Producer Prices","792","Türkiye","5530","Producer Price (LCU/tonne)","0115","Barley","2022","2022","7002","February","LCU","3022.6","A","Official figure"
"PP","Producer Prices","792","Türkiye","5530","Producer Price (LCU/tonne)","0115","Barley","2022","2022","7003","March","LCU","3445.6","A","Official figure"
"PP","Producer Prices","792","Türkiye","5530","Producer Price (LCU/tonne)","0115","Barley","2022","2022","7004","April","LCU","3919.9","A","Official figure"
"PP","Producer Prices","792","Türkiye","5530","Producer Price (LCU/tonne)","0115","Barley","2022","2022","7005","May","LCU","4579.9","A","Official figure"
"PP","Producer Prices","792","Türkiye","5530","Producer Price (LCU/tonne)","0115","Barley","2022","2022","7006","June","LCU","5480.1","A","Official figure"
"PP","Producer Prices","792","Türkiye","5530","Producer Price (LCU/tonne)","0115","Barley","2022","2022","7007","July","LCU","5743","A","Official figure"
"PP","Producer Prices","792","Türkiye","5530","Producer Price (LCU/tonne)","0115","Barley","2022","2022","7008","August","LCU","5929.7","A","Official figure"
"PP","Producer Prices","792","Türkiye","5530","Producer Price (LCU/tonne)","0115","Barley","2022","2022","7009","September","LCU","5843.5","A","Official figure"
"PP","Producer Prices","792","Türkiye","5530","Producer Price (LCU/tonne)","0115","Barley","2022","2022","7010","October","LCU","5896","A","Official figure"
"PP","Producer Prices","792","Türkiye","5530","Producer Price (LCU/tonne)","0115","Barley","2022","2022","7011","November","LCU","5823.6","A","Official figure"
"PP","Producer Prices","792","Türkiye","5530","Producer Price (LCU/tonne)","0115","Barley","2022","2022","7012","December","LCU","5811.3","A","Official figure"
"PP","Producer Prices","792","Türkiye","5530","Producer Price (LCU/tonne)","0115","Barley","2023","2023","7001","January","LCU","5822.1","A","Official figure"
"PP","Producer Prices","792","Türkiye","5530","Producer Price (LCU/tonne)","0115","Barley","2023","2023","7002","February","LCU","5827.9","A","Official figure"
"PP","Producer Prices","792","Türkiye","5530","Producer Price (LCU/tonne)","0115","Barley","2023","2023","7003","March","LCU","5819.4","A","Official figure"
"PP","Producer Prices","792","Türkiye","5530","Producer Price (LCU/tonne)","0115","Barley","2023","2023","7004","April","LCU","5826","A","Official figure"
"PP","Producer Prices","792","Türkiye","5530","Producer Price (LCU/tonne)","0115","Barley","2023","2023","7005","May","LCU","5941.4","A","Official figure"
"PP","Producer Prices","792","Türkiye","5530","Producer Price (LCU/tonne)","0115","Barley","2023","2023","7006","June","LCU","6283.1","A","Official figure"
"PP","Producer Prices","792","Türkiye","5530","Producer Price (LCU/tonne)","0115","Barley","2023","2023","7007","July","LCU","6537.1","A","Official figure"
"PP","Producer Prices","792","Türkiye","5530","Producer Price (LCU/tonne)","0115","Barley","2023","2023","7008","August","LCU","6664.7","A","Official figure"
"PP","Producer Prices","792","Türkiye","5530","Producer Price (LCU/tonne)","0115","Barley","2023","2023","7009","September","LCU","6528.4","A","Official figure"
"PP","Producer Prices","792","Türkiye","5530","Producer Price (LCU/tonne)","0115","Barley","2023","2023","7010","October","LCU","6376.2","A","Official figure"
"PP","Producer Prices","792","Türkiye","5530","Producer Price (LCU/tonne)","0115","Barley","2023","2023","7011","November","LCU","6446.8","A","Official figure"
"PP","Producer Prices","792","Türkiye","5530","Producer Price (LCU/tonne)","0115","Barley","2023","2023","7012","December","LCU","6706.3","A","Official figure"
"PP","Producer Prices","792","Türkiye","5530","Producer Price (LCU/tonne)","0112","Maize (corn)","2010","2010","7001","January","LCU","428","A","Official figure"
"PP","Producer Prices","792","Türkiye","5530","Producer Price (LCU/tonne)","0112","Maize (corn)","2010","2010","7002","February","LCU","454","A","Official figure"
"PP","Producer Prices","792","Türkiye","5530","Producer Price (LCU/tonne)","0112","Maize (corn)","2010","2010","7003","March","LCU","448","A","Official figure"
"PP","Producer Prices","792","Türkiye","5530","Producer Price (LCU/tonne)","0112","Maize (corn)","2010","2010","7004","April","LCU","448","A","Official figure"
"PP","Producer Prices","792","Türkiye","5530","Producer Price (LCU/tonne)","0112","Maize (corn)","2010","2010","7005","May","LCU","452","A","Official figure"
"PP","Producer Prices","792","Türkiye","5530","Producer Price (LCU/tonne)","0112","Maize (corn)","2010","2010","7006","June","LCU","465","A","Official figure"
"PP","Producer Prices","792","Türkiye","5530","Producer Price (LCU/tonne)","0112","Maize (corn)","2010","2010","7007","July","LCU","474","A","Official figure"
"PP","Producer Prices","792","Türkiye","5530","Producer Price (LCU/tonne)","0112","Maize (corn)","2010","2010","7008","August","LCU","475","A","Official figure"
"PP","Producer Prices","792","Türkiye","5530","Producer Price (LCU/tonne)","0112","Maize (corn)","2010","2010","7009","September","LCU","485","A","Official figure"
"PP","Producer Prices","792","Türkiye","5530","Producer Price (LCU/tonne)","0112","Maize (corn)","2010","2010","7010","October","LCU","488","A","Official figure"
"PP","Producer Prices","792","Türkiye","5530","Producer Price (LCU/tonne)","0112","Maize (corn)","2010","2010","7011","November","LCU","481","A","Official figure"
"PP","Producer Prices","792","Türkiye","5530","Producer Price (LCU/tonne)","0112","Maize (corn)","2010","2010","7012","December","LCU","485","A","Official figure"
"PP","Producer Prices","792","Türkiye","5530","Producer Price (LCU/tonne)","0112","Maize (corn)","2011","2011","7001","January","LCU","591","A","Official figure"
"PP","Producer Prices","792","Türkiye","5530","Producer Price (LCU/tonne)","0112","Maize (corn)","2011","2011","7002","February","LCU","573","A","Official figure"
"PP","Producer Prices","792","Türkiye","5530","Producer Price (LCU/tonne)","0112","Maize (corn)","2011","2011","7003","March","LCU","595","A","Official figure"
"PP","Producer Prices","792","Türkiye","5530","Producer Price (LCU/tonne)","0112","Maize (corn)","2011","2011","7004","April","LCU","604","A","Official figure"
"PP","Producer Prices","792","Türkiye","5530","Producer Price (LCU/tonne)","0112","Maize (corn)","2011","2011","7005","May","LCU","623","A","Official figure"
"PP","Producer Prices","792","Türkiye","5530","Producer Price (LCU/tonne)","0112","Maize (corn)","2011","2011","7006","June","LCU","670","A","Official figure"
"PP","Producer Prices","792","Türkiye","5530","Producer Price (LCU/tonne)","0112","Maize (corn)","2011","2011","7007","July","LCU","786","A","Official figure"
"PP","Producer Prices","792","Türkiye","5530","Producer Price (LCU/tonne)","0112","Maize (corn)","2011","2011","7008","August","LCU","678","A","Official figure"
"PP","Producer Prices","792","Türkiye","5530","Producer Price (LCU/tonne)","0112","Maize (corn)","2011","2011","7009","September","LCU","621","A","Official figure"
"PP","Producer Prices","792","Türkiye","5530","Producer Price (LCU/tonne)","0112","Maize (corn)","2011","2011","7010","October","LCU","631","A","Official figure"
"PP","Producer Prices","792","Türkiye","5530","Producer Price (LCU/tonne)","0112","Maize (corn)","2011","2011","7011","November","LCU","624","A","Official figure"
"PP","Producer Prices","792","Türkiye","5530","Producer Price (LCU/tonne)","0112","Maize (corn)","2011","2011","7012","December","LCU","547","A","Official figure"
"PP","Producer Prices","792","Türkiye","5530","Producer Price (LCU/tonne)","0112","Maize (corn)","2012","2012","7001","January","LCU","546","A","Official figure"
"PP","Producer Prices","792","Türkiye","5530","Producer Price (LCU/tonne)","0112","Maize (corn)","2012","2012","7002","February","LCU","550","A","Official figure"
"PP","Producer Prices","792","Türkiye","5530","Producer Price (LCU/tonne)","0112","Maize (corn)","2012","2012","7003","March","LCU","572","A","Official figure"
"PP","Producer Prices","792","Türkiye","5530","Producer Price (LCU/tonne)","0112","Maize (corn)","2012","2012","7004","April","LCU","590","A","Official figure"
"PP","Producer Prices","792","Türkiye","5530","Producer Price (LCU/tonne)","0112","Maize (corn)","2012","2012","7005","May","LCU","586","A","Official figure"
"PP","Producer Prices","792","Türkiye","5530","Producer Price (LCU/tonne)","0112","Maize (corn)","2012","2012","7006","June","LCU","587","A","Official figure"
"PP","Producer Prices","792","Türkiye","5530","Producer Price (LCU/tonne)","0112","Maize (corn)","2012","2012","7007","July","LCU","573","A","Official figure"
"PP","Producer Prices","792","Türkiye","5530","Producer Price (LCU/tonne)","0112","Maize (corn)","2012","2012","7008","August","LCU","591","A","Official figure"
"PP","Producer Prices","792","Türkiye","5530","Producer Price (LCU/tonne)","0112","Maize (corn)","2012","2012","7009","September","LCU","587","A","Official figure"
"PP","Producer Prices","792","Türkiye","5530","Producer Price (LCU/tonne)","0112","Maize (corn)","2012","2012","7010","October","LCU","600","A","Official figure"
"PP","Producer Prices","792","Türkiye","5530","Producer Price (LCU/tonne)","0112","Maize (corn)","2012","2012","7011","November","LCU","581","A","Official figure"
"PP","Producer Prices","792","Türkiye","5530","Producer Price (LCU/tonne)","0112","Maize (corn)","2012","2012","7012","December","LCU","584","A","Official figure"
"PP","Producer Prices","792","Türkiye","5530","Producer Price (LCU/tonne)","0112","Maize (corn)","2013","2013","7001","January","LCU","577","A","Official figure"
"PP","Producer Prices","792","Türkiye","5530","Producer Price (LCU/tonne)","0112","Maize (corn)","2013","2013","7002","February","LCU","609","A","Official figure"
"PP","Producer Prices","792","Türkiye","5530","Producer Price (LCU/tonne)","0112","Maize (corn)","2013","2013","7003","March","LCU","595","A","Official figure"
"PP","Producer Prices","792","Türkiye","5530","Producer Price (LCU/tonne)","0112","Maize (corn)","2013","2013","7004","April","LCU","617","A","Official figure"
"PP","Producer Prices","792","Türkiye","5530","Producer Price (LCU/tonne)","0112","Maize (corn)","2013","2013","7005","May","LCU","593","A","Official figure"
"PP","Producer Prices","792","Türkiye","5530","Producer Price (LCU/tonne)","0112","Maize (corn)","2013","2013","7006","June","LCU","616","A","Official figure"
"PP","Producer Prices","792","Türkiye","5530","Producer Price (LCU/tonne)","0112","Maize (corn)","2013","2013","7007","July","LCU","632","A","Official figure"
"PP","Producer Prices","792","Türkiye","5530","Producer Price (LCU/tonne)","0112","Maize (corn)","2013","2013","7008","August","LCU","617","A","Official figure"
"PP","Producer Prices","792","Türkiye","5530","Producer Price (LCU/tonne)","0112","Maize (corn)","2013","2013","7009","September","LCU","615","A","Official figure"
"PP","Producer Prices","792","Türkiye","5530","Producer Price (LCU/tonne)","0112","Maize (corn)","2013","2013","7010","October","LCU","615","A","Official figure"
"PP","Producer Prices","792","Türkiye","5530","Producer Price (LCU/tonne)","0112","Maize (corn)","2013","2013","7011","November","LCU","641","A","Official figure"
"PP","Producer Prices","792","Türkiye","5530","Producer Price (LCU/tonne)","0112","Maize (corn)","2013","2013","7012","December","LCU","618","A","Official figure"
"PP","Producer Prices","792","Türkiye","5530","Producer Price (LCU/tonne)","0112","Maize (corn)","2014","2014","7001","January","LCU","568","A","Official figure"
"PP","Producer Prices","792","Türkiye","5530","Producer Price (LCU/tonne)","0112","Maize (corn)","2014","2014","7002","February","LCU","581","A","Official figure"
"PP","Producer Prices","792","Türkiye","5530","Producer Price (LCU/tonne)","0112","Maize (corn)","2014","2014","7003","March","LCU","598","A","Official figure"
"PP","Producer Prices","792","Türkiye","5530","Producer Price (LCU/tonne)","0112","Maize (corn)","2014","2014","7004","April","LCU","619","A","Official figure"
"PP","Producer Prices","792","Türkiye","5530","Producer Price (LCU/tonne)","0112","Maize (corn)","2014","2014","7005","May","LCU","624","A","Official figure"
"PP","Producer Prices","792","Türkiye","5530","Producer Price (LCU/tonne)","0112","Maize (corn)","2014","2014","7006","June","LCU","624","A","Official figure"
"PP","Producer Prices","792","Türkiye","5530","Producer Price (LCU/tonne)","0112","Maize (corn)","2014","2014","7007","July","LCU","635","A","Official figure"
"PP","Producer Prices","792","Türkiye","5530","Producer Price (LCU/tonne)","0112","Maize (corn)","2014","2014","7008","August","LCU","647","A","Official figure"
"PP","Producer Prices","792","Türkiye","5530","Producer Price (LCU/tonne)","0112","Maize (corn)","2014","2014","7009","September","LCU","641","A","Official figure"
"PP","Producer Prices","792","Türkiye","5530","Producer Price (LCU/tonne)","0112","Maize (corn)","2014","2014","7010","October","LCU","642","A","Official figure"
"PP","Producer Prices","792","Türkiye","5530","Producer Price (LCU/tonne)","0112","Maize (corn)","2014","2014","7011","November","LCU","647","A","Official figure"
"PP","Producer Prices","792","Türkiye","5530","Producer Price (LCU/tonne)","0112","Maize (corn)","2014","2014","7012","December","LCU","645","A","Official figure"
"PP","Producer Prices","792","Türkiye","5530","Producer Price (LCU/tonne)","0112","Maize (corn)","2015","2015","7001","January","LCU","640","A","Official figure"
"PP","Producer Prices","792","Türkiye","5530","Producer Price (LCU/tonne)","0112","Maize (corn)","2015","2015","7002","February","LCU","647","A","Official figure"
"PP","Producer Prices","792","Türkiye","5530","Producer Price (LCU/tonne)","0112","Maize (corn)","2015","2015","7003","March","LCU","657","A","Official figure"
"PP","Producer Prices","792","Türkiye","5530","Producer Price (LCU/tonne)","0112","Maize (corn)","2015","2015","7004","April","LCU","667","A","Official figure"
"PP","Producer Prices","792","Türkiye","5530","Producer Price (LCU/tonne)","0112","Maize (corn)","2015","2015","7005","May","LCU","666","A","Official figure"
"PP","Producer Prices","792","Türkiye","5530","Producer Price (LCU/tonne)","0112","Maize (corn)","2015","2015","7006","June","LCU","676","A","Official figure"
"PP","Producer Prices","792","Türkiye","5530","Producer Price (LCU/tonne)","0112","Maize (corn)","2015","2015","7007","July","LCU","674","A","Official figure"
"PP","Producer Prices","792","Türkiye","5530","Producer Price (LCU/tonne)","0112","Maize (corn)","2015","2015","7008","August","LCU","656","A","Official figure"
"PP","Producer Prices","792","Türkiye","5530","Producer Price (LCU/tonne)","0112","Maize (corn)","2015","2015","7009","September","LCU","663","A","Official figure"
"PP","Producer Prices","792","Türkiye","5530","Producer Price (LCU/tonne)","0112","Maize (corn)","2015","2015","7010","October","LCU","669","A","Official figure"
"PP","Producer Prices","792","Türkiye","5530","Producer Price (LCU/tonne)","0112","Maize (corn)","2015","2015","7011","November","LCU","643","A","Official figure"
"PP","Producer Prices","792","Türkiye","5530","Producer Price (LCU/tonne)","0112","Maize (corn)","2015","2015","7012","December","LCU","629","A","Official figure"
"PP","Producer Prices","792","Türkiye","5530","Producer Price (LCU/tonne)","0112","Maize (corn)","2016","2016","7001","January","LCU","631","A","Official figure"
"PP","Producer Prices","792","Türkiye","5530","Producer Price (LCU/tonne)","0112","Maize (corn)","2016","2016","7002","February","LCU","655","A","Official figure"
"PP","Producer Prices","792","Türkiye","5530","Producer Price (LCU/tonne)","0112","Maize (corn)","2016","2016","7003","March","LCU","660","A","Official figure"
"PP","Producer Prices","792","Türkiye","5530","Producer Price (LCU/tonne)","0112","Maize (corn)","2016","2016","7004","April","LCU","655","A","Official figure"
"PP","Producer Prices","792","Türkiye","5530","Producer Price (LCU/tonne)","0112","Maize (corn)","2016","2016","7005","May","LCU","650","A","Official figure"
"PP","Producer Prices","792","Türkiye","5530","Producer Price (LCU/tonne)","0112","Maize (corn)","2016","2016","7006","June","LCU","663","A","Official figure"
"PP","Producer Prices","792","Türkiye","5530","Producer Price (LCU/tonne)","0112","Maize (corn)","2016","2016","7007","July","LCU","674","A","Official figure"
"PP","Producer Prices","792","Türkiye","5530","Producer Price (LCU/tonne)","0112","Maize (corn)","2016","2016","7008","August","LCU","672","A","Official figure"
"PP","Producer Prices","792","Türkiye","5530","Producer Price (LCU/tonne)","0112","Maize (corn)","2016","2016","7009","September","LCU","670","A","Official figure"
"PP","Producer Prices","792","Türkiye","5530","Producer Price (LCU/tonne)","0112","Maize (corn)","2016","2016","7010","October","LCU","675","A","Official figure"
"PP","Producer Prices","792","Türkiye","5530","Producer Price (LCU/tonne)","0112","Maize (corn)","2016","2016","7011","November","LCU","676","A","Official figure"
"PP","Producer Prices","792","Türkiye","5530","Producer Price (LCU/tonne)","0112","Maize (corn)","2016","2016","7012","December","LCU","681","A","Official figure"
"PP","Producer Prices","792","Türkiye","5530","Producer Price (LCU/tonne)","0112","Maize (corn)","2018","2018","7001","January","LCU","756","A","Official figure"
"PP","Producer Prices","792","Türkiye","5530","Producer Price (LCU/tonne)","0112","Maize (corn)","2018","2018","7002","February","LCU","770","A","Official figure"
"PP","Producer Prices","792","Türkiye","5530","Producer Price (LCU/tonne)","0112","Maize (corn)","2018","2018","7003","March","LCU","781","A","Official figure"
"PP","Producer Prices","792","Türkiye","5530","Producer Price (LCU/tonne)","0112","Maize (corn)","2018","2018","7004","April","LCU","797","A","Official figure"
"PP","Producer Prices","792","Türkiye","5530","Producer Price (LCU/tonne)","0112","Maize (corn)","2018","2018","7005","May","LCU","832","A","Official figure"
"PP","Producer Prices","792","Türkiye","5530","Producer Price (LCU/tonne)","0112","Maize (corn)","2018","2018","7006","June","LCU","845","A","Official figure"
"PP","Producer Prices","792","Türkiye","5530","Producer Price (LCU/tonne)","0112","Maize (corn)","2018","2018","7007","July","LCU","842","A","Official figure"
"PP","Producer Prices","792","Türkiye","5530","Producer Price (LCU/tonne)","0112","Maize (corn)","2018","2018","7008","August","LCU","853","A","Official figure"
"PP","Producer Prices","792","Türkiye","5530","Producer Price (LCU/tonne)","0112","Maize (corn)","2018","2018","7009","September","LCU","890","A","Official figure"
"PP","Producer Prices","792","Türkiye","5530","Producer Price (LCU/tonne)","0112","Maize (corn)","2018","2018","7010","October","LCU","930","A","Official figure"
"PP","Producer Prices","792","Türkiye","5530","Producer Price (LCU/tonne)","0112","Maize (corn)","2018","2018","7011","November","LCU","929","A","Official figure"
"PP","Producer Prices","792","Türkiye","5530","Producer Price (LCU/tonne)","0112","Maize (corn)","2018","2018","7012","December","LCU","934","A","Official figure"
"PP","Producer Prices","792","Türkiye","5530","Producer Price (LCU/tonne)","0112","Maize (corn)","2019","2019","7001","January","LCU","979","A","Official figure"
"PP","Producer Prices","792","Türkiye","5530","Producer Price (LCU/tonne)","0112","Maize (corn)","2019","2019","7002","February","LCU","1003","A","Official figure"
"PP","Producer Prices","792","Türkiye","5530","Producer Price (LCU/tonne)","0112","Maize (corn)","2019","2019","7003","March","LCU","1009","A","Official figure"
"PP","Producer Prices","792","Türkiye","5530","Producer Price (LCU/tonne)","0112","Maize (corn)","2019","2019","7004","April","LCU","1072","A","Official figure"
"PP","Producer Prices","792","Türkiye","5530","Producer Price (LCU/tonne)","0112","Maize (corn)","2019","2019","7005","May","LCU","1084","A","Official figure"
"PP","Producer Prices","792","Türkiye","5530","Producer Price (LCU/tonne)","0112","Maize (corn)","2019","2019","7006","June","LCU","1093","A","Official figure"
"PP","Producer Prices","792","Türkiye","5530","Producer Price (LCU/tonne)","0112","Maize (corn)","2019","2019","7007","July","LCU","1099","A","Official figure"
"PP","Producer Prices","792","Türkiye","5530","Producer Price (LCU/tonne)","0112","Maize (corn)","2019","2019","7008","August","LCU","1113","A","Official figure"
"PP","Producer Prices","792","Türkiye","5530","Producer Price (LCU/tonne)","0112","Maize (corn)","2019","2019","7009","September","LCU","1123","A","Official figure"
"PP","Producer Prices","792","Türkiye","5530","Producer Price (LCU/tonne)","0112","Maize (corn)","2019","2019","7010","October","LCU","1100","A","Official figure"
"PP","Producer Prices","792","Türkiye","5530","Producer Price (LCU/tonne)","0112","Maize (corn)","2019","2019","7011","November","LCU","1090","A","Official figure"
"PP","Producer Prices","792","Türkiye","5530","Producer Price (LCU/tonne)","0112","Maize (corn)","2019","2019","7012","December","LCU","1109","A","Official figure"
"PP","Producer Prices","792","Türkiye","5530","Producer Price (LCU/tonne)","0112","Maize (corn)","2020","2020","7001","January","LCU","1081.5","A","Official figure"
"PP","Producer Prices","792","Türkiye","5530","Producer Price (LCU/tonne)","0112","Maize (corn)","2020","2020","7002","February","LCU","1111.6","A","Official figure"
"PP","Producer Prices","792","Türkiye","5530","Producer Price (LCU/tonne)","0112","Maize (corn)","2020","2020","7003","March","LCU","1134.8","A","Official figure"
"PP","Producer Prices","792","Türkiye","5530","Producer Price (LCU/tonne)","0112","Maize (corn)","2020","2020","7004","April","LCU","1153","A","Official figure"
"PP","Producer Prices","792","Türkiye","5530","Producer Price (LCU/tonne)","0112","Maize (corn)","2020","2020","7005","May","LCU","1174.4","A","Official figure"
"PP","Producer Prices","792","Türkiye","5530","Producer Price (LCU/tonne)","0112","Maize (corn)","2020","2020","7006","June","LCU","1163.7","A","Official figure"
"PP","Producer Prices","792","Türkiye","5530","Producer Price (LCU/tonne)","0112","Maize (corn)","2020","2020","7007","July","LCU","1174.3","A","Official figure"
"PP","Producer Prices","792","Türkiye","5530","Producer Price (LCU/tonne)","0112","Maize (corn)","2020","2020","7008","August","LCU","1224.9","A","Official figure"
"PP","Producer Prices","792","Türkiye","5530","Producer Price (LCU/tonne)","0112","Maize (corn)","2020","2020","7009","September","LCU","1243.1","A","Official figure"
"PP","Producer Prices","792","Türkiye","5530","Producer Price (LCU/tonne)","0112","Maize (corn)","2020","2020","7010","October","LCU","1315.7","A","Official figure"
"PP","Producer Prices","792","Türkiye","5530","Producer Price (LCU/tonne)","0112","Maize (corn)","2020","2020","7011","November","LCU","1353.4","A","Official figure"
"PP","Producer Prices","792","Türkiye","5530","Producer Price (LCU/tonne)","0112","Maize (corn)","2020","2020","7012","December","LCU","1381.8","A","Official figure"
"PP","Producer Prices","792","Türkiye","5530","Producer Price (LCU/tonne)","0112","Maize (corn)","2021","2021","7001","January","LCU","1395.1","A","Official figure"
"PP","Producer Prices","792","Türkiye","5530","Producer Price (LCU/tonne)","0112","Maize (corn)","2021","2021","7002","February","LCU","1404.8","A","Official figure"
"PP","Producer Prices","792","Türkiye","5530","Producer Price (LCU/tonne)","0112","Maize (corn)","2021","2021","7003","March","LCU","1413.3","A","Official figure"
"PP","Producer Prices","792","Türkiye","5530","Producer Price (LCU/tonne)","0112","Maize (corn)","2021","2021","7004","April","LCU","1517.7","A","Official figure"
"PP","Producer Prices","792","Türkiye","5530","Producer Price (LCU/tonne)","0112","Maize (corn)","2021","2021","7005","May","LCU","1627.5","A","Official figure"
"PP","Producer Prices","792","Türkiye","5530","Producer Price (LCU/tonne)","0112","Maize (corn)","2021","2021","7006","June","LCU","1700.6","A","Official figure"
"PP","Producer Prices","792","Türkiye","5530","Producer Price (LCU/tonne)","0112","Maize (corn)","2021","2021","7007","July","LCU","1690.6","A","Official figure"
"PP","Producer Prices","792","Türkiye","5530","Producer Price (LCU/tonne)","0112","Maize (corn)","2021","2021","7008","August","LCU","1708.2","A","Official figure"
"PP","Producer Prices","792","Türkiye","5530","Producer Price (LCU/tonne)","0112","Maize (corn)","2021","2021","7009","September","LCU","1757.4","A","Official figure"
"PP","Producer Prices","792","Türkiye","5530","Producer Price (LCU/tonne)","0112","Maize (corn)","2021","2021","7010","October","LCU","1965","A","Official figure"
"PP","Producer Prices","792","Türkiye","5530","Producer Price (LCU/tonne)","0112","Maize (corn)","2021","2021","7011","November","LCU","2072.5","A","Official figure"
"PP","Producer Prices","792","Türkiye","5530","Producer Price (LCU/tonne)","0112","Maize (corn)","2021","2021","7012","December","LCU","2201.2","A","Official figure"
"PP","Producer Prices","792","Türkiye","5530","Producer Price (LCU/tonne)","0112","Maize (corn)","2022","2022","7001","January","LCU","2300.5","A","Official figure"
"PP","Producer Prices","792","Türkiye","5530","Producer Price (LCU/tonne)","0112","Maize (corn)","2022","2022","7002","February","LCU","2946.6","A","Official figure"
"PP","Producer Prices","792","Türkiye","5530","Producer Price (LCU/tonne)","0112","Maize (corn)","2022","2022","7003","March","LCU","3547.6","A","Official figure"
"PP","Producer Prices","792","Türkiye","5530","Producer Price (LCU/tonne)","0112","Maize (corn)","2022","2022","7004","April","LCU","3984.1","A","Official figure"
"PP","Producer Prices","792","Türkiye","5530","Producer Price (LCU/tonne)","0112","Maize (corn)","2022","2022","7005","May","LCU","4951.4","A","Official figure"
"PP","Producer Prices","792","Türkiye","5530","Producer Price (LCU/tonne)","0112","Maize (corn)","2022","2022","7006","June","LCU","5491.9","A","Official figure"
"PP","Producer Prices","792","Türkiye","5530","Producer Price (LCU/tonne)","0112","Maize (corn)","2022","2022","7007","July","LCU","5159.1","A","Official figure"
"PP","Producer Prices","792","Türkiye","5530","Producer Price (LCU/tonne)","0112","Maize (corn)","2022","2022","7008","August","LCU","5272.3","A","Official figure"
"PP","Producer Prices","792","Türkiye","5530","Producer Price (LCU/tonne)","0112","Maize (corn)","2022","2022","7009","September","LCU","5178.7","A","Official figure"
"PP","Producer Prices","792","Türkiye","5530","Producer Price (LCU/tonne)","0112","Maize (corn)","2022","2022","7010","October","LCU","5178.8","A","Official figure"
"PP","Producer Prices","792","Türkiye","5530","Producer Price (LCU/tonne)","0112","Maize (corn)","2022","2022","7011","November","LCU","5062.6","A","Official figure"
"PP","Producer Prices","792","Türkiye","5530","Producer Price (LCU/tonne)","0112","Maize (corn)","2022","2022","7012","December","LCU","4959","A","Official figure"
"PP","Producer Prices","792","Türkiye","5530","Producer Price (LCU/tonne)","0112","Maize (corn)","2023","2023","7001","January","LCU","5088.6","A","Official figure"
"PP","Producer Prices","792","Türkiye","5530","Producer Price (LCU/tonne)","0112","Maize (corn)","2023","2023","7002","February","LCU","5303.2","A","Official figure"
"PP","Producer Prices","792","Türkiye","5530","Producer Price (LCU/tonne)","0112","Maize (corn)","2023","2023","7003","March","LCU","5351.1","A","Official figure"
"PP","Producer Prices","792","Türkiye","5530","Producer Price (LCU/tonne)","0112","Maize (corn)","2023","2023","7004","April","LCU","5251.9","A","Official figure"
"PP","Producer Prices","792","Türkiye","5530","Producer Price (LCU/tonne)","0112","Maize (corn)","2023","2023","7005","May","LCU","5634","A","Official figure"
"PP","Producer Prices","792","Türkiye","5530","Producer Price (LCU/tonne)","0112","Maize (corn)","2023","2023","7006","June","LCU","5605.8","A","Official figure"
"PP","Producer Prices","792","Türkiye","5530","Producer Price (LCU/tonne)","0112","Maize (corn)","2023","2023","7007","July","LCU","5363","A","Official figure"
"PP","Producer Prices","792","Türkiye","5530","Producer Price (LCU/tonne)","0112","Maize (corn)","2023","2023","7008","August","LCU","5729.5","A","Official figure"
"PP","Producer Prices","792","Türkiye","5530","Producer Price (LCU/tonne)","0112","Maize (corn)","2023","2023","7009","September","LCU","5747.1","A","Official figure"
"PP","Producer Prices","792","Türkiye","5530","Producer Price (LCU/tonne)","0112","Maize (corn)","2023","2023","7010","October","LCU","5698.7","A","Official figure"
"PP","Producer Prices","792","Türkiye","5530","Producer Price (LCU/tonne)","0112","Maize (corn)","2023","2023","7011","November","LCU","5680.2","A","Official figure"
"PP","Producer Prices","792","Türkiye","5530","Producer Price (LCU/tonne)","0112","Maize (corn)","2023","2023","7012","December","LCU","5786.6","A","Official figure"
"PP","Producer Prices","792","Türkiye","5530","Producer Price (LCU/tonne)","0111","Wheat","2010","2010","7001","January","LCU","486","A","Official figure"
"PP","Producer Prices","792","Türkiye","5530","Producer Price (LCU/tonne)","0111","Wheat","2010","2010","7002","February","LCU","505","A","Official figure"
"PP","Producer Prices","792","Türkiye","5530","Producer Price (LCU/tonne)","0111","Wheat","2010","2010","7003","March","LCU","503","A","Official figure"
"PP","Producer Prices","792","Türkiye","5530","Producer Price (LCU/tonne)","0111","Wheat","2010","2010","7004","April","LCU","506","A","Official figure"
"PP","Producer Prices","792","Türkiye","5530","Producer Price (LCU/tonne)","0111","Wheat","2010","2010","7005","May","LCU","505","A","Official figure"
"PP","Producer Prices","792","Türkiye","5530","Producer Price (LCU/tonne)","0111","Wheat","2010","2010","7006","June","LCU","509","A","Official figure"
"PP","Producer Prices","792","Türkiye","5530","Producer Price (LCU/tonne)","0111","Wheat","2010","2010","7007","July","LCU","513","A","Official figure"
"PP","Producer Prices","792","Türkiye","5530","Producer Price (LCU/tonne)","0111","Wheat","2010","2010","7008","August","LCU","537","A","Official figure"
"PP","Producer Prices","792","Türkiye","5530","Producer Price (LCU/tonne)","0111","Wheat","2010","2010","7009","September","LCU","554","A","Official figure"
"PP","Producer Prices","792","Türkiye","5530","Producer Price (LCU/tonne)","0111","Wheat","2010","2010","7010","October","LCU","563","A","Official figure"
"PP","Producer Prices","792","Türkiye","5530","Producer Price (LCU/tonne)","0111","Wheat","2010","2010","7011","November","LCU","575","A","Official figure"
"PP","Producer Prices","792","Türkiye","5530","Producer Price (LCU/tonne)","0111","Wheat","2010","2010","7012","December","LCU","581","A","Official figure"
"PP","Producer Prices","792","Türkiye","5530","Producer Price (LCU/tonne)","0111","Wheat","2011","2011","7001","January","LCU","598","A","Official figure"
"PP","Producer Prices","792","Türkiye","5530","Producer Price (LCU/tonne)","0111","Wheat","2011","2011","7002","February","LCU","617","A","Official figure"
"PP","Producer Prices","792","Türkiye","5530","Producer Price (LCU/tonne)","0111","Wheat","2011","2011","7003","March","LCU","614","A","Official figure"
"PP","Producer Prices","792","Türkiye","5530","Producer Price (LCU/tonne)","0111","Wheat","2011","2011","7004","April","LCU","601","A","Official figure"
"PP","Producer Prices","792","Türkiye","5530","Producer Price (LCU/tonne)","0111","Wheat","2011","2011","7005","May","LCU","595","A","Official figure"
"PP","Producer Prices","792","Türkiye","5530","Producer Price (LCU/tonne)","0111","Wheat","2011","2011","7006","June","LCU","604","A","Official figure"
"PP","Producer Prices","792","Türkiye","5530","Producer Price (LCU/tonne)","0111","Wheat","2011","2011","7007","July","LCU","579","A","Official figure"
"PP","Producer Prices","792","Türkiye","5530","Producer Price (LCU/tonne)","0111","Wheat","2011","2011","7008","August","LCU","565","A","Official figure"
"PP","Producer Prices","792","Türkiye","5530","Producer Price (LCU/tonne)","0111","Wheat","2011","2011","7009","September","LCU","561","A","Official figure"
"PP","Producer Prices","792","Türkiye","5530","Producer Price (LCU/tonne)","0111","Wheat","2011","2011","7010","October","LCU","577","A","Official figure"
"PP","Producer Prices","792","Türkiye","5530","Producer Price (LCU/tonne)","0111","Wheat","2011","2011","7011","November","LCU","574","A","Official figure"
"PP","Producer Prices","792","Türkiye","5530","Producer Price (LCU/tonne)","0111","Wheat","2011","2011","7012","December","LCU","573","A","Official figure"
"PP","Producer Prices","792","Türkiye","5530","Producer Price (LCU/tonne)","0111","Wheat","2012","2012","7001","January","LCU","573","A","Official figure"
"PP","Producer Prices","792","Türkiye","5530","Producer Price (LCU/tonne)","0111","Wheat","2012","2012","7002","February","LCU","576","A","Official figure"
"PP","Producer Prices","792","Türkiye","5530","Producer Price (LCU/tonne)","0111","Wheat","2012","2012","7003","March","LCU","572","A","Official figure"
"PP","Producer Prices","792","Türkiye","5530","Producer Price (LCU/tonne)","0111","Wheat","2012","2012","7004","April","LCU","573","A","Official figure"
"PP","Producer Prices","792","Türkiye","5530","Producer Price (LCU/tonne)","0111","Wheat","2012","2012","7005","May","LCU","572","A","Official figure"
"PP","Producer Prices","792","Türkiye","5530","Producer Price (LCU/tonne)","0111","Wheat","2012","2012","7006","June","LCU","586","A","Official figure"
"PP","Producer Prices","792","Türkiye","5530","Producer Price (LCU/tonne)","0111","Wheat","2012","2012","7007","July","LCU","602","A","Official figure"
"PP","Producer Prices","792","Türkiye","5530","Producer Price (LCU/tonne)","0111","Wheat","2012","2012","7008","August","LCU","612","A","Official figure"
"PP","Producer Prices","792","Türkiye","5530","Producer Price (LCU/tonne)","0111","Wheat","2012","2012","7009","September","LCU","625","A","Official figure"
"PP","Producer Prices","792","Türkiye","5530","Producer Price (LCU/tonne)","0111","Wheat","2012","2012","7010","October","LCU","638","A","Official figure"
"PP","Producer Prices","792","Türkiye","5530","Producer Price (LCU/tonne)","0111","Wheat","2012","2012","7011","November","LCU","651","A","Official figure"
"PP","Producer Prices","792","Türkiye","5530","Producer Price (LCU/tonne)","0111","Wheat","2012","2012","7012","December","LCU","660","A","Official figure"
"PP","Producer Prices","792","Türkiye","5530","Producer Price (LCU/tonne)","0111","Wheat","2013","2013","7001","January","LCU","662","A","Official figure"
"PP","Producer Prices","792","Türkiye","5530","Producer Price (LCU/tonne)","0111","Wheat","2013","2013","7002","February","LCU","665","A","Official figure"
"PP","Producer Prices","792","Türkiye","5530","Producer Price (LCU/tonne)","0111","Wheat","2013","2013","7003","March","LCU","668","A","Official figure"
"PP","Producer Prices","792","Türkiye","5530","Producer Price (LCU/tonne)","0111","Wheat","2013","2013","7004","April","LCU","671","A","Official figure"
"PP","Producer Prices","792","Türkiye","5530","Producer Price (LCU/tonne)","0111","Wheat","2013","2013","7005","May","LCU","666","A","Official figure"
"PP","Producer Prices","792","Türkiye","5530","Producer Price (LCU/tonne)","0111","Wheat","2013","2013","7006","June","LCU","660","A","Official figure"
"PP","Producer Prices","792","Türkiye","5530","Producer Price (LCU/tonne)","0111","Wheat","2013","2013","7007","July","LCU","654","A","Official figure"
"PP","Producer Prices","792","Türkiye","5530","Producer Price (LCU/tonne)","0111","Wheat","2013","2013","7008","August","LCU","654","A","Official figure"
"PP","Producer Prices","792","Türkiye","5530","Producer Price (LCU/tonne)","0111","Wheat","2013","2013","7009","September","LCU","657","A","Official figure"
"PP","Producer Prices","792","Türkiye","5530","Producer Price (LCU/tonne)","0111","Wheat","2013","2013","7010","October","LCU","659","A","Official figure"
"PP","Producer Prices","792","Türkiye","5530","Producer Price (LCU/tonne)","0111","Wheat","2013","2013","7011","November","LCU","663","A","Official figure"
"PP","Producer Prices","792","Türkiye","5530","Producer Price (LCU/tonne)","0111","Wheat","2013","2013","7012","December","LCU","676","A","Official figure"
"PP","Producer Prices","792","Türkiye","5530","Producer Price (LCU/tonne)","0111","Wheat","2014","2014","7001","January","LCU","681","A","Official figure"
"PP","Producer Prices","792","Türkiye","5530","Producer Price (LCU/tonne)","0111","Wheat","2014","2014","7002","February","LCU","688","A","Official figure"
"PP","Producer Prices","792","Türkiye","5530","Producer Price (LCU/tonne)","0111","Wheat","2014","2014","7003","March","LCU","699","A","Official figure"
"PP","Producer Prices","792","Türkiye","5530","Producer Price (LCU/tonne)","0111","Wheat","2014","2014","7004","April","LCU","698","A","Official figure"
"PP","Producer Prices","792","Türkiye","5530","Producer Price (LCU/tonne)","0111","Wheat","2014","2014","7005","May","LCU","708","A","Official figure"
"PP","Producer Prices","792","Türkiye","5530","Producer Price (LCU/tonne)","0111","Wheat","2014","2014","7006","June","LCU","744","A","Official figure"
"PP","Producer Prices","792","Türkiye","5530","Producer Price (LCU/tonne)","0111","Wheat","2014","2014","7007","July","LCU","768","A","Official figure"
"PP","Producer Prices","792","Türkiye","5530","Producer Price (LCU/tonne)","0111","Wheat","2014","2014","7008","August","LCU","768","A","Official figure"
"PP","Producer Prices","792","Türkiye","5530","Producer Price (LCU/tonne)","0111","Wheat","2014","2014","7009","September","LCU","781","A","Official figure"
"PP","Producer Prices","792","Türkiye","5530","Producer Price (LCU/tonne)","0111","Wheat","2014","2014","7010","October","LCU","770","A","Official figure"
"PP","Producer Prices","792","Türkiye","5530","Producer Price (LCU/tonne)","0111","Wheat","2014","2014","7011","November","LCU","776","A","Official figure"
"PP","Producer Prices","792","Türkiye","5530","Producer Price (LCU/tonne)","0111","Wheat","2014","2014","7012","December","LCU","787","A","Official figure"
"PP","Producer Prices","792","Türkiye","5530","Producer Price (LCU/tonne)","0111","Wheat","2015","2015","7001","January","LCU","789","A","Official figure"
"PP","Producer Prices","792","Türkiye","5530","Producer Price (LCU/tonne)","0111","Wheat","2015","2015","7002","February","LCU","782","A","Official figure"
"PP","Producer Prices","792","Türkiye","5530","Producer Price (LCU/tonne)","0111","Wheat","2015","2015","7003","March","LCU","777","A","Official figure"
"PP","Producer Prices","792","Türkiye","5530","Producer Price (LCU/tonne)","0111","Wheat","2015","2015","7004","April","LCU","773","A","Official figure"
"PP","Producer Prices","792","Türkiye","5530","Producer Price (LCU/tonne)","0111","Wheat","2015","2015","7005","May","LCU","758","A","Official figure"
"PP","Producer Prices","792","Türkiye","5530","Producer Price (LCU/tonne)","0111","Wheat","2015","2015","7006","June","LCU","783","A","Official figure"
"PP","Producer Prices","792","Türkiye","5530","Producer Price (LCU/tonne)","0111","Wheat","2015","2015","7007","July","LCU","761","A","Official figure"
"PP","Producer Prices","792","Türkiye","5530","Producer Price (LCU/tonne)","0111","Wheat","2015","2015","7008","August","LCU","767","A","Official figure"
"PP","Producer Prices","792","Türkiye","5530","Producer Price (LCU/tonne)","0111","Wheat","2015","2015","7009","September","LCU","779","A","Official figure"
"PP","Producer Prices","792","Türkiye","5530","Producer Price (LCU/tonne)","0111","Wheat","2015","2015","7010","October","LCU","782","A","Official figure"
"PP","Producer Prices","792","Türkiye","5530","Producer Price (LCU/tonne)","0111","Wheat","2015","2015","7011","November","LCU","783","A","Official figure"
"PP","Producer Prices","792","Türkiye","5530","Producer Price (LCU/tonne)","0111","Wheat","2015","2015","7012","December","LCU","778","A","Official figure"
"PP","Producer Prices","792","Türkiye","5530","Producer Price (LCU/tonne)","0111","Wheat","2016","2016","7001","January","LCU","776","A","Official figure"
"PP","Producer Prices","792","Türkiye","5530","Producer Price (LCU/tonne)","0111","Wheat","2016","2016","7002","February","LCU","789","A","Official figure"
"PP","Producer Prices","792","Türkiye","5530","Producer Price (LCU/tonne)","0111","Wheat","2016","2016","7003","March","LCU","794","A","Official figure"
"PP","Producer Prices","792","Türkiye","5530","Producer Price (LCU/tonne)","0111","Wheat","2016","2016","7004","April","LCU","784","A","Official figure"
"PP","Producer Prices","792","Türkiye","5530","Producer Price (LCU/tonne)","0111","Wheat","2016","2016","7005","May","LCU","794","A","Official figure"
"PP","Producer Prices","792","Türkiye","5530","Producer Price (LCU/tonne)","0111","Wheat","2016","2016","7006","June","LCU","807","A","Official figure"
"PP","Producer Prices","792","Türkiye","5530","Producer Price (LCU/tonne)","0111","Wheat","2016","2016","7007","July","LCU","807","A","Official figure"
"PP","Producer Prices","792","Türkiye","5530","Producer Price (LCU/tonne)","0111","Wheat","2016","2016","7008","August","LCU","793","A","Official figure"
"PP","Producer Prices","792","Türkiye","5530","Producer Price (LCU/tonne)","0111","Wheat","2016","2016","7009","September","LCU","833","A","Official figure"
"PP","Producer Prices","792","Türkiye","5530","Producer Price (LCU/tonne)","0111","Wheat","2016","2016","7010","October","LCU","813","A","Official figure"
"PP","Producer Prices","792","Türkiye","5530","Producer Price (LCU/tonne)","0111","Wheat","2016","2016","7011","November","LCU","816","A","Official figure"
"PP","Producer Prices","792","Türkiye","5530","Producer Price (LCU/tonne)","0111","Wheat","2016","2016","7012","December","LCU","826","A","Official figure"
"PP","Producer Prices","792","Türkiye","5530","Producer Price (LCU/tonne)","0111","Wheat","2018","2018","7001","January","LCU","915","A","Official figure"
"PP","Producer Prices","792","Türkiye","5530","Producer Price (LCU/tonne)","0111","Wheat","2018","2018","7002","February","LCU","916","A","Official figure"
"PP","Producer Prices","792","Türkiye","5530","Producer Price (LCU/tonne)","0111","Wheat","2018","2018","7003","March","LCU","912","A","Official figure"
"PP","Producer Prices","792","Türkiye","5530","Producer Price (LCU/tonne)","0111","Wheat","2018","2018","7004","April","LCU","919","A","Official figure"
"PP","Producer Prices","792","Türkiye","5530","Producer Price (LCU/tonne)","0111","Wheat","2018","2018","7005","May","LCU","945","A","Official figure"
"PP","Producer Prices","792","Türkiye","5530","Producer Price (LCU/tonne)","0111","Wheat","2018","2018","7006","June","LCU","974","A","Official figure"
"PP","Producer Prices","792","Türkiye","5530","Producer Price (LCU/tonne)","0111","Wheat","2018","2018","7007","July","LCU","965","A","Official figure"
"PP","Producer Prices","792","Türkiye","5530","Producer Price (LCU/tonne)","0111","Wheat","2018","2018","7008","August","LCU","968","A","Official figure"
"PP","Producer Prices","792","Türkiye","5530","Producer Price (LCU/tonne)","0111","Wheat","2018","2018","7009","September","LCU","991","A","Official figure"
"PP","Producer Prices","792","Türkiye","5530","Producer Price (LCU/tonne)","0111","Wheat","2018","2018","7010","October","LCU","995","A","Official figure"
"PP","Producer Prices","792","Türkiye","5530","Producer Price (LCU/tonne)","0111","Wheat","2018","2018","7011","November","LCU","1030","A","Official figure"
"PP","Producer Prices","792","Türkiye","5530","Producer Price (LCU/tonne)","0111","Wheat","2018","2018","7012","December","LCU","1036","A","Official figure"
"PP","Producer Prices","792","Türkiye","5530","Producer Price (LCU/tonne)","0111","Wheat","2019","2019","7001","January","LCU","1046","A","Official figure"
"PP","Producer Prices","792","Türkiye","5530","Producer Price (LCU/tonne)","0111","Wheat","2019","2019","7002","February","LCU","1086","A","Official figure"
"PP","Producer Prices","792","Türkiye","5530","Producer Price (LCU/tonne)","0111","Wheat","2019","2019","7003","March","LCU","1087","A","Official figure"
"PP","Producer Prices","792","Türkiye","5530","Producer Price (LCU/tonne)","0111","Wheat","2019","2019","7004","April","LCU","1093","A","Official figure"
"PP","Producer Prices","792","Türkiye","5530","Producer Price (LCU/tonne)","0111","Wheat","2019","2019","7005","May","LCU","1175","A","Official figure"
"PP","Producer Prices","792","Türkiye","5530","Producer Price (LCU/tonne)","0111","Wheat","2019","2019","7006","June","LCU","1253","A","Official figure"
"PP","Producer Prices","792","Türkiye","5530","Producer Price (LCU/tonne)","0111","Wheat","2019","2019","7007","July","LCU","1305","A","Official figure"
"PP","Producer Prices","792","Türkiye","5530","Producer Price (LCU/tonne)","0111","Wheat","2019","2019","7008","August","LCU","1329","A","Official figure"
"PP","Producer Prices","792","Türkiye","5530","Producer Price (LCU/tonne)","0111","Wheat","2019","2019","7009","September","LCU","1304","A","Official figure"
"PP","Producer Prices","792","Türkiye","5530","Producer Price (LCU/tonne)","0111","Wheat","2019","2019","7010","October","LCU","1299","A","Official figure"
"PP","Producer Prices","792","Türkiye","5530","Producer Price (LCU/tonne)","0111","Wheat","2019","2019","7011","November","LCU","1295","A","Official figure"
"PP","Producer Prices","792","Türkiye","5530","Producer Price (LCU/tonne)","0111","Wheat","2019","2019","7012","December","LCU","1309","A","Official figure"
"PP","Producer Prices","792","Türkiye","5530","Producer Price (LCU/tonne)","0111","Wheat","2020","2020","7001","January","LCU","1326.8","A","Official figure"
"PP","Producer Prices","792","Türkiye","5530","Producer Price (LCU/tonne)","0111","Wheat","2020","2020","7002","February","LCU","1337","A","Official figure"
"PP","Producer Prices","792","Türkiye","5530","Producer Price (LCU/tonne)","0111","Wheat","2020","2020","7003","March","LCU","1345.7","A","Official figure"
"PP","Producer Prices","792","Türkiye","5530","Producer Price (LCU/tonne)","0111","Wheat","2020","2020","7004","April","LCU","1367.7","A","Official figure"
"PP","Producer Prices","792","Türkiye","5530","Producer Price (LCU/tonne)","0111","Wheat","2020","2020","7005","May","LCU","1470.8","A","Official figure"
"PP","Producer Prices","792","Türkiye","5530","Producer Price (LCU/tonne)","0111","Wheat","2020","2020","7006","June","LCU","1475","A","Official figure"
"PP","Producer Prices","792","Türkiye","5530","Producer Price (LCU/tonne)","0111","Wheat","2020","2020","7007","July","LCU","1515.9","A","Official figure"
"PP","Producer Prices","792","Türkiye","5530","Producer Price (LCU/tonne)","0111","Wheat","2020","2020","7008","August","LCU","1554","A","Official figure"
"PP","Producer Prices","792","Türkiye","5530","Producer Price (LCU/tonne)","0111","Wheat","2020","2020","7009","September","LCU","1583.1","A","Official figure"
"PP","Producer Prices","792","Türkiye","5530","Producer Price (LCU/tonne)","0111","Wheat","2020","2020","7010","October","LCU","1643.3","A","Official figure"
"PP","Producer Prices","792","Türkiye","5530","Producer Price (LCU/tonne)","0111","Wheat","2020","2020","7011","November","LCU","1696.7","A","Official figure"
"PP","Producer Prices","792","Türkiye","5530","Producer Price (LCU/tonne)","0111","Wheat","2020","2020","7012","December","LCU","1704.6","A","Official figure"
"PP","Producer Prices","792","Türkiye","5530","Producer Price (LCU/tonne)","0111","Wheat","2021","2021","7001","January","LCU","1711.6","A","Official figure"
"PP","Producer Prices","792","Türkiye","5530","Producer Price (LCU/tonne)","0111","Wheat","2021","2021","7002","February","LCU","1724.6","A","Official figure"
"PP","Producer Prices","792","Türkiye","5530","Producer Price (LCU/tonne)","0111","Wheat","2021","2021","7003","March","LCU","1724.2","A","Official figure"
"PP","Producer Prices","792","Türkiye","5530","Producer Price (LCU/tonne)","0111","Wheat","2021","2021","7004","April","LCU","1726.6","A","Official figure"
"PP","Producer Prices","792","Türkiye","5530","Producer Price (LCU/tonne)","0111","Wheat","2021","2021","7005","May","LCU","1754.7","A","Official figure"
"PP","Producer Prices","792","Türkiye","5530","Producer Price (LCU/tonne)","0111","Wheat","2021","2021","7006","June","LCU","1975.6","A","Official figure"
"PP","Producer Prices","792","Türkiye","5530","Producer Price (LCU/tonne)","0111","Wheat","2021","2021","7007","July","LCU","2016.4","A","Official figure"
"PP","Producer Prices","792","Türkiye","5530","Producer Price (LCU/tonne)","0111","Wheat","2021","2021","7008","August","LCU","2034.7","A","Official figure"
"PP","Producer Prices","792","Türkiye","5530","Producer Price (LCU/tonne)","0111","Wheat","2021","2021","7009","September","LCU","2108","A","Official figure"
"PP","Producer Prices","792","Türkiye","5530","Producer Price (LCU/tonne)","0111","Wheat","2021","2021","7010","October","LCU","2239.1","A","Official figure"
"PP","Producer Prices","792","Türkiye","5530","Producer Price (LCU/tonne)","0111","Wheat","2021","2021","7011","November","LCU","2444.4","A","Official figure"
"PP","Producer Prices","792","Türkiye","5530","Producer Price (LCU/tonne)","0111","Wheat","2021","2021","7012","December","LCU","3040.9","A","Official figure"
"PP","Producer Prices","792","Türkiye","5530","Producer Price (LCU/tonne)","0111","Wheat","2022","2022","7001","January","LCU","3016.2","A","Official figure"
"PP","Producer Prices","792","Türkiye","5530","Producer Price (LCU/tonne)","0111","Wheat","2022","2022","7002","February","LCU","3564.9","A","Official figure"
"PP","Producer Prices","792","Türkiye","5530","Producer Price (LCU/tonne)","0111","Wheat","2022","2022","7003","March","LCU","3768.1","A","Official figure"
"PP","Producer Prices","792","Türkiye","5530","Producer Price (LCU/tonne)","0111","Wheat","2022","2022","7004","April","LCU","4280.4","A","Official figure"
"PP","Producer Prices","792","Türkiye","5530","Producer Price (LCU/tonne)","0111","Wheat","2022","2022","7005","May","LCU","4556.2","A","Official figure"
"PP","Producer Prices","792","Türkiye","5530","Producer Price (LCU/tonne)","0111","Wheat","2022","2022","7006","June","LCU","6105.7","A","Official figure"
"PP","Producer Prices","792","Türkiye","5530","Producer Price (LCU/tonne)","0111","Wheat","2022","2022","7007","July","LCU","6828.8","A","Official figure"
"PP","Producer Prices","792","Türkiye","5530","Producer Price (LCU/tonne)","0111","Wheat","2022","2022","7008","August","LCU","6811.5","A","Official figure"
"PP","Producer Prices","792","Türkiye","5530","Producer Price (LCU/tonne)","0111","Wheat","2022","2022","7009","September","LCU","6490.9","A","Official figure"
"PP","Producer Prices","792","Türkiye","5530","Producer Price (LCU/tonne)","0111","Wheat","2022","2022","7010","October","LCU","6535.7","A","Official figure"
"PP","Producer Prices","792","Türkiye","5530","Producer Price (LCU/tonne)","0111","Wheat","2022","2022","7011","November","LCU","6511.9","A","Official figure"
"PP","Producer Prices","792","Türkiye","5530","Producer Price (LCU/tonne)","0111","Wheat","2022","2022","7012","December","LCU","6272.2","A","Official figure"
"PP","Producer Prices","792","Türkiye","5530","Producer Price (LCU/tonne)","0111","Wheat","2023","2023","7001","January","LCU","6662.5","A","Official figure"
"PP","Producer Prices","792","Türkiye","5530","Producer Price (LCU/tonne)","0111","Wheat","2023","2023","7002","February","LCU","6662.1","A","Official figure"
"PP","Producer Prices","792","Türkiye","5530","Producer Price (LCU/tonne)","0111","Wheat","2023","2023","7003","March","LCU","6606","A","Official figure"
"PP","Producer Prices","792","Türkiye","5530","Producer Price (LCU/tonne)","0111","Wheat","2023","2023","7004","April","LCU","6584.8","A","Official figure"
"PP","Producer Prices","792","Türkiye","5530","Producer Price (LCU/tonne)","0111","Wheat","2023","2023","7005","May","LCU","6858.5","A","Official figure"
"PP","Producer Prices","792","Türkiye","5530","Producer Price (LCU/tonne)","0111","Wheat","2023","2023","7006","June","LCU","7559","A","Official figure"
"PP","Producer Prices","792","Türkiye","5530","Producer Price (LCU/tonne)","0111","Wheat","2023","2023","7007","July","LCU","7831.5","A","Official figure"
"PP","Producer Prices","792","Türkiye","5530","Producer Price (LCU/tonne)","0111","Wheat","2023","2023","7008","August","LCU","7905","A","Official figure"
"PP","Producer Prices","792","Türkiye","5530","Producer Price (LCU/tonne)","0111","Wheat","2023","2023","7009","September","LCU","7825.2","A","Official figure"
"PP","Producer Prices","792","Türkiye","5530","Producer Price (LCU/tonne)","0111","Wheat","2023","2023","7010","October","LCU","7751.1","A","Official figure"
"PP","Producer Prices","792","Türkiye","5530","Producer Price (LCU/tonne)","0111","Wheat","2023","2023","7011","November","LCU","7938.8","A","Official figure"
"PP","Producer Prices","792","Türkiye","5530","Producer Price (LCU/tonne)","0111","Wheat","2023","2023","7012","December","LCU","8162.8","A","Official figure"
